Word,Taboo1,Taboo2,Taboo3,Taboo4,Taboo5
Bicycle,Wheels,Ride,Pedal,Handlebars,Transport
Popcorn,Movie,Theater,Corn,Snack,Butter
Umbrella,Rain,Wet,Protection,Storm,Handle
Accordion,Instrument,Music,Squeeze,Polka,Buttons
Volcano,Lava,Eruption,Mountain,Ash,Magma
Telescope,Stars,Space,Astronomy,Lens,Sky
Library,Books,Quiet,Reading,Silence,Borrow
Hammock,Sleep,Swing,Trees,Net,Relax
Cactus,Desert,Prickly,Plant,Spines,Thirst
Compass,North,Direction,Navigation,Magnetic,Needle
Calculator,Math,Numbers,Add,School,Device
Fireplace,Wood,Chimney,Heat,Flame,Cozy
Submarine,Underwater,Ocean,Navy,Sonar,Vehicle
Sunscreen,Beach,Lotion,Burn,Protection,Skin
Backpack,Hiking,School,Bag,Straps,Carry
Toaster,Bread,Breakfast,Kitchen,Pop,Heat
Microscope,Science,Lab,Cell,Small,Magnify
Waterfall,River,Drop,Nature,Flow,Cliff
Flashlight,Dark,Battery,Light,Beam,Night
Escalator,Stairs,Mall,Moving,Step,Up
Teapot,Tea,Boil,Kettle,Hot,Spout
Snowman,Winter,Cold,Carrot,White,Frosty
Mirror,Reflection,Glass,Look,Face,Wall
Suitcase,Travel,Luggage,Vacation,Pack,Airport
Pillow,Sleep,Bed,Soft,Head,Cushion
Broom,Sweep,Floor,Dust,Clean,Witch
Butterfly,Insect,Wings,Cocoon,Fly,Caterpillar
Camera,Photo,Picture,Lens,Smile,Flash
Campfire,Wood,Smoke,Night,S'mores,Heat
Candle,Wax,Light,Flame,Wick,Melt
Cello,Instrument,Music,Strings,Bow,Orchestra
Chess,Game,Board,King,Queen,Square
Cloud,Sky,Rain,White,Fluffy,Weather
Coffee,Drink,Mug,Morning,Caffeine,Bean
Dinosaur,Ancient,Fossil,Extinct,Reptile,Bones
Drum,Music,Instrument,Beat,Sticks,Percussion
Eagle,Bird,Fly,Wings,Nest,Sky
Elephant,Trunk,Animal,Large,Tusk,Gray
Envelope,Letter,Mail,Post,Stamp,Paper
Fence,Yard,Gate,Wood,Boundary,Garden
Fishing,Water,Hook,Boat,Rod,Catch
Garden,Plants,Flowers,Dirt,Grow,Yard
Guitar,Strings,Music,Instrument,Play,Acoustic
Helmet,Head,Safety,Bike,Protection,Hard
Honey,Bee,Sweet,Sticky,Jar,Yellow
Island,Water,Land,Ocean,Tropical,Beach
Jungle,Trees,Forest,Tropical,Wild,Green
Kangaroo,Jump,Animal,Pouch,Pocket,Australia
Kite,Wind,String,Fly,Sky,Tail
Laptop,Computer,Keyboard,Screen,Work,Portable
Lemon,Sour,Yellow,Fruit,Citrus,Juice
Lighthouse,Ocean,Ship,Light,Coast,Warning
Magnet,Metal,Pull,Attract,Iron,North
Mountain,Climb,Peak,High,Hike,Summit
Mushroom,Fungus,Forest,Eat,Plant,Toadstool
Octopus,Ocean,Tentacles,Eight,Ink,Sea
Oven,Baking,Kitchen,Cook,Heat,Stove
Parachute,Jump,Plane,Sky,Falling,Air
Pencil,Write,Lead,Paper,Eraser,School
Piano,Keys,Music,Instrument,Black,White
Pizza,Cheese,Slice,Food,Italian,Oven
Puzzle,Game,Pieces,Fit,Solve,Picture
Rainbow,Colors,Sky,Rain,Sun,Bridge
Refrigerator,Cold,Food,Kitchen,Ice,Fridge
Robot,Machine,Metal,Computer,Future,Android
Saddle,Horse,Ride,Leather,Seat,Stirrup
Sandwich,Bread,Lunch,Eat,Ham,Cheese
Scissor,Cut,Paper,Sharp,Blades,School
Skateboard,Wheels,Board,Ride,Deck,Trick
Trombone,Music,Instrument,Brass,Slide,Band}